Make, CC, Year, Price, Link
Други,250,2023,3999,www.mobile.bg/pcgi/mobile.cgi?act=4&amp;adv=51617863246727450
Други,300,2023,6490,www.mobile.bg/pcgi/mobile.cgi?act=4&amp;adv=51616220936862635
Aeon,N/A,2022,3100,www.mobile.bg/pcgi/mobile.cgi?act=4&amp;adv=51706440379537677
Balkan,190,2023,3500,www.mobile.bg/pcgi/mobile.cgi?act=4&amp;adv=51703184987341692
Barton,250,0,4590,www.mobile.bg/pcgi/mobile.cgi?act=4&amp;adv=51684391394335440
Barton,250,2023,4590,www.mobile.bg/pcgi/mobile.cgi?act=4&amp;adv=51684391466938771
Bashan,300,0,5490,www.mobile.bg/pcgi/mobile.cgi?act=4&amp;adv=51654516651313408
Bashan,300,2023,5490,www.mobile.bg/pcgi/mobile.cgi?act=4&amp;adv=51654516786064273
Beta,250,2008,5800,www.mobile.bg/pcgi/mobile.cgi?act=4&amp;adv=51700596885853757
Cfmoto,250,2023,3900,www.mobile.bg/pcgi/mobile.cgi?act=4&amp;adv=51680982405908689
GASGAS,250,2021,9300,www.mobile.bg/pcgi/mobile.cgi?act=4&amp;adv=51707726310339721
GASGAS,450,2021,9500,www.mobile.bg/pcgi/mobile.cgi?act=4&amp;adv=51697627186554822
GASGAS,450,2021,10200,www.mobile.bg/pcgi/mobile.cgi?act=4&amp;adv=51707137060953764
GASGAS,450,2021,10400,www.mobile.bg/pcgi/mobile.cgi?act=4&amp;adv=51688317539473931
GASGAS,450,2021,10500,www.mobile.bg/pcgi/mobile.cgi?act=4&amp;adv=51695753941943076
GASGAS,450,2021,11500,www.mobile.bg/pcgi/mobile.cgi?act=4&amp;adv=51701781565494517
GASGAS,350,2021,15500,www.mobile.bg/pcgi/mobile.cgi?act=4&amp;adv=51661837077329383
GASGAS,N/A,2022,9000,www.mobile.bg/pcgi/mobile.cgi?act=4&amp;adv=51700045644450504
GASGAS,350,2022,9000,www.mobile.bg/pcgi/mobile.cgi?act=4&amp;adv=51666803953134365
GASGAS,450,2022,10300,www.mobile.bg/pcgi/mobile.cgi?act=4&amp;adv=51707245575677376
GASGAS,450,2022,11400,www.mobile.bg/pcgi/mobile.cgi?act=4&amp;adv=51707672091551759
GASGAS,350,2022,11500,www.mobile.bg/pcgi/mobile.cgi?act=4&amp;adv=51705577834722549
GASGAS,N/A,2023,11999,www.mobile.bg/pcgi/mobile.cgi?act=4&amp;adv=51707648905358118
GASGAS,450,2023,12200,www.mobile.bg/pcgi/mobile.cgi?act=4&amp;adv=51703864953362106
GASGAS,N/A,2023,12500,www.mobile.bg/pcgi/mobile.cgi?act=4&amp;adv=51701270440020202
GASGAS,250,2023,12500,www.mobile.bg/pcgi/mobile.cgi?act=4&amp;adv=51700501430797319
GASGAS,350,2023,15000,www.mobile.bg/pcgi/mobile.cgi?act=4&amp;adv=51704964625456781
GASGAS,450,2023,21500,www.mobile.bg/pcgi/mobile.cgi?act=4&amp;adv=51700476145985051
Honda,250,2006,5000,www.mobile.bg/pcgi/mobile.cgi?act=4&amp;adv=51702741648870998
Honda,N/A,2006,5700,www.mobile.bg/pcgi/mobile.cgi?act=4&amp;adv=51691176307682926
Honda,450,2006,6600,www.mobile.bg/pcgi/mobile.cgi?act=4&amp;adv=51700402392747437
Honda,250,2006,6900,www.mobile.bg/pcgi/mobile.cgi?act=4&amp;adv=51693208018581020
Honda,N/A,2007,5100,www.mobile.bg/pcgi/mobile.cgi?act=4&amp;adv=51695194678828724
Honda,450,2007,5200,www.mobile.bg/pcgi/mobile.cgi?act=4&amp;adv=51696688371103175
Honda,N/A,2007,5700,www.mobile.bg/pcgi/mobile.cgi?act=4&amp;adv=51705605269274409
Honda,250,2007,6000,www.mobile.bg/pcgi/mobile.cgi?act=4&amp;adv=51694708912846382
Honda,N/A,2008,5500,www.mobile.bg/pcgi/mobile.cgi?act=4&amp;adv=51703812777323729
Honda,N/A,2008,6000,www.mobile.bg/pcgi/mobile.cgi?act=4&amp;adv=51707739137853041
Honda,250,2008,6100,www.mobile.bg/pcgi/mobile.cgi?act=4&amp;adv=51690285088978835
Honda,250,2008,7500,www.mobile.bg/pcgi/mobile.cgi?act=4&amp;adv=51707718817945047
Honda,450,2008,7666,www.mobile.bg/pcgi/mobile.cgi?act=4&amp;adv=51706373515906345
Honda,N/A,2009,4999,www.mobile.bg/pcgi/mobile.cgi?act=4&amp;adv=51704927957136873
Honda,250,2010,4200,www.mobile.bg/pcgi/mobile.cgi?act=4&amp;adv=51706973960161421
Honda,N/A,2010,6000,www.mobile.bg/pcgi/mobile.cgi?act=4&amp;adv=51705861217724779
Honda,250,2010,6500,www.mobile.bg/pcgi/mobile.cgi?act=4&amp;adv=51705855529212107
Honda,N/A,2011,5700,www.mobile.bg/pcgi/mobile.cgi?act=4&amp;adv=51707133539231033
Honda,N/A,2011,5800,www.mobile.bg/pcgi/mobile.cgi?act=4&amp;adv=51707382883544825
Honda,250,2011,6200,www.mobile.bg/pcgi/mobile.cgi?act=4&amp;adv=51705148448512960
Honda,450,2012,5200,www.mobile.bg/pcgi/mobile.cgi?act=4&amp;adv=51694103385935332
Honda,450,2012,5200,www.mobile.bg/pcgi/mobile.cgi?act=4&amp;adv=51705781443280261
Honda,450,2012,5400,www.mobile.bg/pcgi/mobile.cgi?act=4&amp;adv=51698248002424465
Honda,450,2012,5599,www.mobile.bg/pcgi/mobile.cgi?act=4&amp;adv=51704910051372952
Honda,N/A,2012,5900,www.mobile.bg/pcgi/mobile.cgi?act=4&amp;adv=51699778674159864
Honda,450,2012,6000,www.mobile.bg/pcgi/mobile.cgi?act=4&amp;adv=51698842630958517
Honda,700,2012,6230,www.mobile.bg/pcgi/mobile.cgi?act=4&amp;adv=51662133523117894
Honda,N/A,2012,6300,www.mobile.bg/pcgi/mobile.cgi?act=4&amp;adv=51706983218163527
Honda,N/A,2012,6400,www.mobile.bg/pcgi/mobile.cgi?act=4&amp;adv=51693909576032713
Honda,N/A,2012,6500,www.mobile.bg/pcgi/mobile.cgi?act=4&amp;adv=51704979398483865
Honda,N/A,2012,6500,www.mobile.bg/pcgi/mobile.cgi?act=4&amp;adv=51704225846519118
Honda,450,2012,6500,www.mobile.bg/pcgi/mobile.cgi?act=4&amp;adv=51704632950262038
Honda,450,2012,7500,www.mobile.bg/pcgi/mobile.cgi?act=4&amp;adv=51705510583534908
Honda,450,2012,7800,www.mobile.bg/pcgi/mobile.cgi?act=4&amp;adv=51702479674897560
Honda,450,2012,8900,www.mobile.bg/pcgi/mobile.cgi?act=4&amp;adv=51682975458715160
Honda,250,2013,5600,www.mobile.bg/pcgi/mobile.cgi?act=4&amp;adv=51697967113582755
Honda,N/A,2013,6000,www.mobile.bg/pcgi/mobile.cgi?act=4&amp;adv=51706895726037341
Honda,N/A,2013,6500,www.mobile.bg/pcgi/mobile.cgi?act=4&amp;adv=51702499036225920
Honda,N/A,2013,6500,www.mobile.bg/pcgi/mobile.cgi?act=4&amp;adv=51701849747035951
Honda,250,2013,6600,www.mobile.bg/pcgi/mobile.cgi?act=4&amp;adv=51668697958682595
Honda,450,2014,6150,www.mobile.bg/pcgi/mobile.cgi?act=4&amp;adv=51700414847316773
Honda,450,2014,7100,www.mobile.bg/pcgi/mobile.cgi?act=4&amp;adv=51663846280440347
Honda,450,2014,7200,www.mobile.bg/pcgi/mobile.cgi?act=4&amp;adv=51706560890278803
Honda,450,2014,7500,www.mobile.bg/pcgi/mobile.cgi?act=4&amp;adv=51707388225425727
Honda,450,2014,7800,www.mobile.bg/pcgi/mobile.cgi?act=4&amp;adv=51702478613294405
Honda,N/A,2015,6500,www.mobile.bg/pcgi/mobile.cgi?act=4&amp;adv=51701631733613280
Honda,450,2015,6900,www.mobile.bg/pcgi/mobile.cgi?act=4&amp;adv=51689180691207997
Honda,N/A,2016,6000,www.mobile.bg/pcgi/mobile.cgi?act=4&amp;adv=51694000355497311
Honda,N/A,2016,6500,www.mobile.bg/pcgi/mobile.cgi?act=4&amp;adv=51703091803504526
Honda,N/A,2016,6500,www.mobile.bg/pcgi/mobile.cgi?act=4&amp;adv=51705845331768883
Honda,N/A,2016,6700,www.mobile.bg/pcgi/mobile.cgi?act=4&amp;adv=51703686392571171
Honda,N/A,2016,6900,www.mobile.bg/pcgi/mobile.cgi?act=4&amp;adv=51707064842330950
Honda,N/A,2016,6900,www.mobile.bg/pcgi/mobile.cgi?act=4&amp;adv=51703369373192649
Honda,450,2016,7600,www.mobile.bg/pcgi/mobile.cgi?act=4&amp;adv=51705487853415085
Honda,450,2017,8500,www.mobile.bg/pcgi/mobile.cgi?act=4&amp;adv=51702141023284962
Honda,450,2017,8500,www.mobile.bg/pcgi/mobile.cgi?act=4&amp;adv=51707405183099739
Honda,450,2017,8900,www.mobile.bg/pcgi/mobile.cgi?act=4&amp;adv=51701629220621679
Honda,450,2017,9300,www.mobile.bg/pcgi/mobile.cgi?act=4&amp;adv=51668115184240529
Honda,450,2017,9800,www.mobile.bg/pcgi/mobile.cgi?act=4&amp;adv=51706966283255636
Honda,450,2018,7300,www.mobile.bg/pcgi/mobile.cgi?act=4&amp;adv=51700323683177845
Honda,N/A,2018,8400,www.mobile.bg/pcgi/mobile.cgi?act=4&amp;adv=51703879495681266
Honda,250,2018,9200,www.mobile.bg/pcgi/mobile.cgi?act=4&amp;adv=51707296678009755
Honda,250,2018,9200,www.mobile.bg/pcgi/mobile.cgi?act=4&amp;adv=51702319638425324
Honda,250,2018,9750,www.mobile.bg/pcgi/mobile.cgi?act=4&amp;adv=51662048884253090
Honda,250,2019,8000,www.mobile.bg/pcgi/mobile.cgi?act=4&amp;adv=51697896228338334
Honda,250,2019,8500,www.mobile.bg/pcgi/mobile.cgi?act=4&amp;adv=51700402213964187
Honda,250,2019,9000,www.mobile.bg/pcgi/mobile.cgi?act=4&amp;adv=51705737913219166
Honda,450,2019,9300,www.mobile.bg/pcgi/mobile.cgi?act=4&amp;adv=51696160645534521
Honda,250,2019,9400,www.mobile.bg/pcgi/mobile.cgi?act=4&amp;adv=51703014266143772
Honda,450,2019,9899,www.mobile.bg/pcgi/mobile.cgi?act=4&amp;adv=51707765894217304
Honda,N/A,2019,11500,www.mobile.bg/pcgi/mobile.cgi?act=4&amp;adv=51707133104527122
Honda,450,2020,8999,www.mobile.bg/pcgi/mobile.cgi?act=4&amp;adv=51663841366184579
Honda,450,2020,9700,www.mobile.bg/pcgi/mobile.cgi?act=4&amp;adv=51705485008285382
Honda,450,2020,10550,www.mobile.bg/pcgi/mobile.cgi?act=4&amp;adv=51698765334699307
Honda,N/A,2021,9500,www.mobile.bg/pcgi/mobile.cgi?act=4&amp;adv=51706888606678912
Honda,N/A,2021,10800,www.mobile.bg/pcgi/mobile.cgi?act=4&amp;adv=51701694414676041
Honda,450,2021,11500,www.mobile.bg/pcgi/mobile.cgi?act=4&amp;adv=51670678696190115
Honda,450,2021,11600,www.mobile.bg/pcgi/mobile.cgi?act=4&amp;adv=51664040913014562
Honda,450,2022,11000,www.mobile.bg/pcgi/mobile.cgi?act=4&amp;adv=51707263902036845
Honda,450,2022,13000,www.mobile.bg/pcgi/mobile.cgi?act=4&amp;adv=51701271335790330
Honda,450,2022,13300,www.mobile.bg/pcgi/mobile.cgi?act=4&amp;adv=51707572142036132
Honda,250,2022,13500,www.mobile.bg/pcgi/mobile.cgi?act=4&amp;adv=51691863934181049
Honda,450,2023,14999,www.mobile.bg/pcgi/mobile.cgi?act=4&amp;adv=51692349134727690
Honda,450,2023,14999,www.mobile.bg/pcgi/mobile.cgi?act=4&amp;adv=51695712733949726
Honda,450,2023,17500,www.mobile.bg/pcgi/mobile.cgi?act=4&amp;adv=51705331036467306
Husqvarna,450,2014,7900,www.mobile.bg/pcgi/mobile.cgi?act=4&amp;adv=51701670698470436
Husqvarna,350,2015,6550,www.mobile.bg/pcgi/mobile.cgi?act=4&amp;adv=51706549094360708
Husqvarna,N/A,2015,7000,www.mobile.bg/pcgi/mobile.cgi?act=4&amp;adv=51697643547681419
Husqvarna,250,2016,9999,www.mobile.bg/pcgi/mobile.cgi?act=4&amp;adv=51670021497571035
Husqvarna,N/A,2017,8800,www.mobile.bg/pcgi/mobile.cgi?act=4&amp;adv=51687097297886462
Husqvarna,250,2017,10999,www.mobile.bg/pcgi/mobile.cgi?act=4&amp;adv=51668373434463572
Husqvarna,350,2018,8300,www.mobile.bg/pcgi/mobile.cgi?act=4&amp;adv=51706434943817387
Husqvarna,350,2018,8999,www.mobile.bg/pcgi/mobile.cgi?act=4&amp;adv=51705502455654000
Husqvarna,N/A,2018,9300,www.mobile.bg/pcgi/mobile.cgi?act=4&amp;adv=51700676495332111
Husqvarna,450,2018,9400,www.mobile.bg/pcgi/mobile.cgi?act=4&amp;adv=51685115140003532
Husqvarna,350,2018,9799,www.mobile.bg/pcgi/mobile.cgi?act=4&amp;adv=51706116567521381
Husqvarna,N/A,2018,10800,www.mobile.bg/pcgi/mobile.cgi?act=4&amp;adv=51706204444087955
Husqvarna,350,2018,12500,www.mobile.bg/pcgi/mobile.cgi?act=4&amp;adv=51675014496824409
Husqvarna,350,2019,8000,www.mobile.bg/pcgi/mobile.cgi?act=4&amp;adv=51685184883758400
Husqvarna,350,2019,8400,www.mobile.bg/pcgi/mobile.cgi?act=4&amp;adv=51706079981058650
Husqvarna,450,2019,8600,www.mobile.bg/pcgi/mobile.cgi?act=4&amp;adv=51706173078809058
Husqvarna,450,2019,9500,www.mobile.bg/pcgi/mobile.cgi?act=4&amp;adv=51706267153943128
Husqvarna,350,2019,9500,www.mobile.bg/pcgi/mobile.cgi?act=4&amp;adv=51675646709366187
Husqvarna,450,2019,9699,www.mobile.bg/pcgi/mobile.cgi?act=4&amp;adv=51696360124548702
Husqvarna,250,2019,9900,www.mobile.bg/pcgi/mobile.cgi?act=4&amp;adv=51690193731645996
Husqvarna,250,2020,8500,www.mobile.bg/pcgi/mobile.cgi?act=4&amp;adv=51685590426671298
Husqvarna,450,2020,9400,www.mobile.bg/pcgi/mobile.cgi?act=4&amp;adv=51690048894238399
Husqvarna,250,2020,10200,www.mobile.bg/pcgi/mobile.cgi?act=4&amp;adv=51705343401243747
Husqvarna,350,2020,10900,www.mobile.bg/pcgi/mobile.cgi?act=4&amp;adv=51687854597084688
Husqvarna,250,2021,9200,www.mobile.bg/pcgi/mobile.cgi?act=4&amp;adv=51706205361389030
Husqvarna,250,2021,9200,www.mobile.bg/pcgi/mobile.cgi?act=4&amp;adv=51699883614081433
Husqvarna,N/A,2021,12000,www.mobile.bg/pcgi/mobile.cgi?act=4&amp;adv=51682098203992944
Husqvarna,N/A,2022,11299,www.mobile.bg/pcgi/mobile.cgi?act=4&amp;adv=51707413249011277
Husqvarna,N/A,2022,12500,www.mobile.bg/pcgi/mobile.cgi?act=4&amp;adv=51681986280273713
Husqvarna,N/A,2023,13555,www.mobile.bg/pcgi/mobile.cgi?act=4&amp;adv=51698169749351632
Husqvarna,250,2023,13900,www.mobile.bg/pcgi/mobile.cgi?act=4&amp;adv=51690834721300184
Husqvarna,250,2023,15200,www.mobile.bg/pcgi/mobile.cgi?act=4&amp;adv=51700832789350802
Kawasaki,250,2006,4100,www.mobile.bg/pcgi/mobile.cgi?act=4&amp;adv=51706092736658788
Kawasaki,N/A,2006,4800,www.mobile.bg/pcgi/mobile.cgi?act=4&amp;adv=51705172931450763
Kawasaki,300,2006,5100,www.mobile.bg/pcgi/mobile.cgi?act=4&amp;adv=51707659153358840
Kawasaki,450,2007,4800,www.mobile.bg/pcgi/mobile.cgi?act=4&amp;adv=51699892273612859
Kawasaki,N/A,2008,4350,www.mobile.bg/pcgi/mobile.cgi?act=4&amp;adv=51695802140545638
Kawasaki,250,2008,4500,www.mobile.bg/pcgi/mobile.cgi?act=4&amp;adv=51695315869165687
Kawasaki,250,2008,4600,www.mobile.bg/pcgi/mobile.cgi?act=4&amp;adv=51704793431966330
Kawasaki,450,2008,5399,www.mobile.bg/pcgi/mobile.cgi?act=4&amp;adv=51691950622976251
Kawasaki,N/A,2009,4000,www.mobile.bg/pcgi/mobile.cgi?act=4&amp;adv=51704475873304676
Kawasaki,250,2009,5300,www.mobile.bg/pcgi/mobile.cgi?act=4&amp;adv=51707222349891253
Kawasaki,250,2010,5555,www.mobile.bg/pcgi/mobile.cgi?act=4&amp;adv=51702246156090292
Kawasaki,N/A,2010,6000,www.mobile.bg/pcgi/mobile.cgi?act=4&amp;adv=51703182841984034
Kawasaki,250,2010,6200,www.mobile.bg/pcgi/mobile.cgi?act=4&amp;adv=51696662031992942
Kawasaki,450,2012,5300,www.mobile.bg/pcgi/mobile.cgi?act=4&amp;adv=51705247996727406
Kawasaki,450,2012,5700,www.mobile.bg/pcgi/mobile.cgi?act=4&amp;adv=51703334441406342
Kawasaki,201,2012,6400,www.mobile.bg/pcgi/mobile.cgi?act=4&amp;adv=51702555861585646
Kawasaki,250,2013,5500,www.mobile.bg/pcgi/mobile.cgi?act=4&amp;adv=51704299473767726
Kawasaki,N/A,2014,6300,www.mobile.bg/pcgi/mobile.cgi?act=4&amp;adv=51690741020693969
Kawasaki,N/A,2015,5500,www.mobile.bg/pcgi/mobile.cgi?act=4&amp;adv=51690034007572448
Kawasaki,450,2015,6000,www.mobile.bg/pcgi/mobile.cgi?act=4&amp;adv=51707235584546770
Kawasaki,N/A,2015,6200,www.mobile.bg/pcgi/mobile.cgi?act=4&amp;adv=51692279151220241
Kawasaki,N/A,2015,6500,www.mobile.bg/pcgi/mobile.cgi?act=4&amp;adv=51704473787553015
Kawasaki,250,2015,7000,www.mobile.bg/pcgi/mobile.cgi?act=4&amp;adv=51704981779808914
Kawasaki,N/A,2016,6200,www.mobile.bg/pcgi/mobile.cgi?act=4&amp;adv=51699598891762495
Kawasaki,N/A,2016,6600,www.mobile.bg/pcgi/mobile.cgi?act=4&amp;adv=51689688195272818
Kawasaki,250,2016,6999,www.mobile.bg/pcgi/mobile.cgi?act=4&amp;adv=51655545082235953
Kawasaki,N/A,2016,7100,www.mobile.bg/pcgi/mobile.cgi?act=4&amp;adv=51706153974070233
Kawasaki,450,2016,7700,www.mobile.bg/pcgi/mobile.cgi?act=4&amp;adv=51684947039625213
Kawasaki,450,2016,7700,www.mobile.bg/pcgi/mobile.cgi?act=4&amp;adv=51702555686571403
Kawasaki,250,2016,7900,www.mobile.bg/pcgi/mobile.cgi?act=4&amp;adv=51700500908371015
Kawasaki,250,2016,8199,www.mobile.bg/pcgi/mobile.cgi?act=4&amp;adv=51703781294522666
Kawasaki,250,2017,6399,www.mobile.bg/pcgi/mobile.cgi?act=4&amp;adv=51690631090061322
Kawasaki,450,2017,7000,www.mobile.bg/pcgi/mobile.cgi?act=4&amp;adv=51686592443339657
Kawasaki,N/A,2017,7000,www.mobile.bg/pcgi/mobile.cgi?act=4&amp;adv=51707676945786574
Kawasaki,450,2017,7400,www.mobile.bg/pcgi/mobile.cgi?act=4&amp;adv=51697620240964611
Kawasaki,450,2017,7500,www.mobile.bg/pcgi/mobile.cgi?act=4&amp;adv=51701195856319338
Kawasaki,450,2017,7800,www.mobile.bg/pcgi/mobile.cgi?act=4&amp;adv=51700078564686327
Kawasaki,450,2017,7899,www.mobile.bg/pcgi/mobile.cgi?act=4&amp;adv=51694021668030668
Kawasaki,N/A,2017,7999,www.mobile.bg/pcgi/mobile.cgi?act=4&amp;adv=51705246965077762
Kawasaki,N/A,2017,8200,www.mobile.bg/pcgi/mobile.cgi?act=4&amp;adv=51702746017030401
Kawasaki,N/A,2017,9400,www.mobile.bg/pcgi/mobile.cgi?act=4&amp;adv=51697396725181021
Kawasaki,N/A,2018,6999,www.mobile.bg/pcgi/mobile.cgi?act=4&amp;adv=51691868364734326
Kawasaki,450,2018,7800,www.mobile.bg/pcgi/mobile.cgi?act=4&amp;adv=51670175945055486
Kawasaki,450,2018,8300,www.mobile.bg/pcgi/mobile.cgi?act=4&amp;adv=51698933265730236
Kawasaki,450,2018,9700,www.mobile.bg/pcgi/mobile.cgi?act=4&amp;adv=51697982698413546
Kawasaki,250,2019,7700,www.mobile.bg/pcgi/mobile.cgi?act=4&amp;adv=51692439804445760
Kawasaki,250,2019,8000,www.mobile.bg/pcgi/mobile.cgi?act=4&amp;adv=51705220827925675
Kawasaki,450,2019,8980,www.mobile.bg/pcgi/mobile.cgi?act=4&amp;adv=51706514231381867
Kawasaki,450,2019,9700,www.mobile.bg/pcgi/mobile.cgi?act=4&amp;adv=51705080631937281
Kawasaki,450,2020,9300,www.mobile.bg/pcgi/mobile.cgi?act=4&amp;adv=51706973140422005
Kawasaki,N/A,2020,9300,www.mobile.bg/pcgi/mobile.cgi?act=4&amp;adv=51688129488217222
Kawasaki,450,2020,9500,www.mobile.bg/pcgi/mobile.cgi?act=4&amp;adv=51695397123303423
Kawasaki,450,2020,9600,www.mobile.bg/pcgi/mobile.cgi?act=4&amp;adv=51704918585580500
Kawasaki,450,2020,9800,www.mobile.bg/pcgi/mobile.cgi?act=4&amp;adv=51703423009713904
Kawasaki,250,2020,10999,www.mobile.bg/pcgi/mobile.cgi?act=4&amp;adv=51670970935890619
Kawasaki,250,2022,10300,www.mobile.bg/pcgi/mobile.cgi?act=4&amp;adv=51699293256199596
Kawasaki,N/A,2022,11500,www.mobile.bg/pcgi/mobile.cgi?act=4&amp;adv=51697812532510443
Kawasaki,450,2022,11600,www.mobile.bg/pcgi/mobile.cgi?act=4&amp;adv=51704891944152138
Kawasaki,250,2022,12999,www.mobile.bg/pcgi/mobile.cgi?act=4&amp;adv=51696309537752299
Kawasaki,450,2022,17500,www.mobile.bg/pcgi/mobile.cgi?act=4&amp;adv=51698346847293662
Kawasaki,140,2023,6700,www.mobile.bg/pcgi/mobile.cgi?act=4&amp;adv=51698917097033366
Kawasaki,N/A,2023,11300,www.mobile.bg/pcgi/mobile.cgi?act=4&amp;adv=51706700461515483
Kawasaki,450,2023,12900,www.mobile.bg/pcgi/mobile.cgi?act=4&amp;adv=51706217604244422
Kawasaki,250,2023,13900,www.mobile.bg/pcgi/mobile.cgi?act=4&amp;adv=51690636026499258
KSR,125,2018,3100,www.mobile.bg/pcgi/mobile.cgi?act=4&amp;adv=51698143668146631
Ktm,525,2006,4700,www.mobile.bg/pcgi/mobile.cgi?act=4&amp;adv=51686507227866485
Ktm,525,2006,7700,www.mobile.bg/pcgi/mobile.cgi?act=4&amp;adv=51693647087046938
Ktm,450,2007,4900,www.mobile.bg/pcgi/mobile.cgi?act=4&amp;adv=51707654191730314
Ktm,450,2007,4950,www.mobile.bg/pcgi/mobile.cgi?act=4&amp;adv=51707585934863533
Ktm,250,2007,5000,www.mobile.bg/pcgi/mobile.cgi?act=4&amp;adv=51699373964817386
Ktm,450,2007,6666,www.mobile.bg/pcgi/mobile.cgi?act=4&amp;adv=51696479653699820
Ktm,250,2008,5000,www.mobile.bg/pcgi/mobile.cgi?act=4&amp;adv=51683130718785244
Ktm,N/A,2008,5500,www.mobile.bg/pcgi/mobile.cgi?act=4&amp;adv=51691498281917843
Ktm,250,2008,6499,www.mobile.bg/pcgi/mobile.cgi?act=4&amp;adv=51705680474828375
Ktm,250,2009,4000,www.mobile.bg/pcgi/mobile.cgi?act=4&amp;adv=51705318140570194
Ktm,530,2009,7000,www.mobile.bg/pcgi/mobile.cgi?act=4&amp;adv=51707322931552279
Ktm,N/A,2011,5600,www.mobile.bg/pcgi/mobile.cgi?act=4&amp;adv=51707572542172660
Ktm,N/A,2011,6390,www.mobile.bg/pcgi/mobile.cgi?act=4&amp;adv=51698764251231678
Ktm,350,2011,6999,www.mobile.bg/pcgi/mobile.cgi?act=4&amp;adv=51703777259381093
Ktm,N/A,2011,7000,www.mobile.bg/pcgi/mobile.cgi?act=4&amp;adv=51703856332359417
Ktm,350,2011,7600,www.mobile.bg/pcgi/mobile.cgi?act=4&amp;adv=51706727476082375
Ktm,450,2011,7700,www.mobile.bg/pcgi/mobile.cgi?act=4&amp;adv=51706184617664186
Ktm,450,2011,7700,www.mobile.bg/pcgi/mobile.cgi?act=4&amp;adv=51699391976077526
Ktm,N/A,2012,6490,www.mobile.bg/pcgi/mobile.cgi?act=4&amp;adv=51705081967173942
Ktm,N/A,2012,6600,www.mobile.bg/pcgi/mobile.cgi?act=4&amp;adv=51705687898646242
Ktm,N/A,2013,6000,www.mobile.bg/pcgi/mobile.cgi?act=4&amp;adv=51706511144779545
Ktm,350,2013,6999,www.mobile.bg/pcgi/mobile.cgi?act=4&amp;adv=51706270790946153
Ktm,250,2014,6999,www.mobile.bg/pcgi/mobile.cgi?act=4&amp;adv=51686143990208366
Ktm,350,2014,7000,www.mobile.bg/pcgi/mobile.cgi?act=4&amp;adv=51682274551982108
Ktm,N/A,2014,7300,www.mobile.bg/pcgi/mobile.cgi?act=4&amp;adv=51706196057882231
Ktm,N/A,2014,7300,www.mobile.bg/pcgi/mobile.cgi?act=4&amp;adv=51703137680874628
Ktm,250,2015,6500,www.mobile.bg/pcgi/mobile.cgi?act=4&amp;adv=51704914138548744
Ktm,N/A,2015,6500,www.mobile.bg/pcgi/mobile.cgi?act=4&amp;adv=51695215327420771
Ktm,N/A,2015,7300,www.mobile.bg/pcgi/mobile.cgi?act=4&amp;adv=51700415951168201
Ktm,450,2015,7350,www.mobile.bg/pcgi/mobile.cgi?act=4&amp;adv=51705089673527210
Ktm,N/A,2015,7399,www.mobile.bg/pcgi/mobile.cgi?act=4&amp;adv=51702482415965918
Ktm,450,2015,8200,www.mobile.bg/pcgi/mobile.cgi?act=4&amp;adv=51701948389949533
Ktm,450,2016,7499,www.mobile.bg/pcgi/mobile.cgi?act=4&amp;adv=51698597665732499
Ktm,N/A,2016,7599,www.mobile.bg/pcgi/mobile.cgi?act=4&amp;adv=51702221785757346
Ktm,350,2016,8200,www.mobile.bg/pcgi/mobile.cgi?act=4&amp;adv=51692082105437490
Ktm,N/A,2017,7700,www.mobile.bg/pcgi/mobile.cgi?act=4&amp;adv=51704658032213474
Ktm,250,2017,8500,www.mobile.bg/pcgi/mobile.cgi?act=4&amp;adv=51704741172378924
Ktm,N/A,2017,8500,www.mobile.bg/pcgi/mobile.cgi?act=4&amp;adv=51703966224810010
Ktm,450,2017,8500,www.mobile.bg/pcgi/mobile.cgi?act=4&amp;adv=51682790165050108
Ktm,450,2017,8650,www.mobile.bg/pcgi/mobile.cgi?act=4&amp;adv=51706344466402627
Ktm,250,2017,8800,www.mobile.bg/pcgi/mobile.cgi?act=4&amp;adv=51704572584858603
Ktm,450,2017,8800,www.mobile.bg/pcgi/mobile.cgi?act=4&amp;adv=51704977078606654
Ktm,N/A,2017,8900,www.mobile.bg/pcgi/mobile.cgi?act=4&amp;adv=51697994110896812
Ktm,N/A,2017,8900,www.mobile.bg/pcgi/mobile.cgi?act=4&amp;adv=51703707330758664
Ktm,N/A,2017,8950,www.mobile.bg/pcgi/mobile.cgi?act=4&amp;adv=51707131498108260
Ktm,350,2017,9000,www.mobile.bg/pcgi/mobile.cgi?act=4&amp;adv=51696161865391763
Ktm,N/A,2017,9000,www.mobile.bg/pcgi/mobile.cgi?act=4&amp;adv=51700945592438726
Ktm,N/A,2017,9200,www.mobile.bg/pcgi/mobile.cgi?act=4&amp;adv=51700290940472393
Ktm,450,2017,9400,www.mobile.bg/pcgi/mobile.cgi?act=4&amp;adv=51651482040304644
Ktm,N/A,2017,9500,www.mobile.bg/pcgi/mobile.cgi?act=4&amp;adv=51706077300050732
Ktm,250,2017,9800,www.mobile.bg/pcgi/mobile.cgi?act=4&amp;adv=51705402776808435
Ktm,250,2017,10500,www.mobile.bg/pcgi/mobile.cgi?act=4&amp;adv=51704790841763723
Ktm,250,2018,8000,www.mobile.bg/pcgi/mobile.cgi?act=4&amp;adv=51697290547113047
Ktm,500,2018,8400,www.mobile.bg/pcgi/mobile.cgi?act=4&amp;adv=51704303004413467
Ktm,350,2018,8700,www.mobile.bg/pcgi/mobile.cgi?act=4&amp;adv=51704190538502709
Ktm,350,2018,8700,www.mobile.bg/pcgi/mobile.cgi?act=4&amp;adv=51702292673855896
Ktm,250,2018,8700,www.mobile.bg/pcgi/mobile.cgi?act=4&amp;adv=51706732231892162
Ktm,450,2018,9999,www.mobile.bg/pcgi/mobile.cgi?act=4&amp;adv=51655393942797322
Ktm,350,2018,10000,www.mobile.bg/pcgi/mobile.cgi?act=4&amp;adv=51707665518819248
Ktm,350,2018,10000,www.mobile.bg/pcgi/mobile.cgi?act=4&amp;adv=51707222398490264
Ktm,350,2018,10399,www.mobile.bg/pcgi/mobile.cgi?act=4&amp;adv=51690706657321400
Ktm,450,2018,12700,www.mobile.bg/pcgi/mobile.cgi?act=4&amp;adv=51676139032616627
Ktm,450,2019,9000,www.mobile.bg/pcgi/mobile.cgi?act=4&amp;adv=51704362957999587
Ktm,450,2019,9300,www.mobile.bg/pcgi/mobile.cgi?act=4&amp;adv=51695565010504824
Ktm,450,2019,9500,www.mobile.bg/pcgi/mobile.cgi?act=4&amp;adv=51692804835848608
Ktm,350,2019,9600,www.mobile.bg/pcgi/mobile.cgi?act=4&amp;adv=51705597823436058
Ktm,N/A,2019,9900,www.mobile.bg/pcgi/mobile.cgi?act=4&amp;adv=51706373988407635
Ktm,450,2019,9999,www.mobile.bg/pcgi/mobile.cgi?act=4&amp;adv=51707288212144130
Ktm,350,2019,11700,www.mobile.bg/pcgi/mobile.cgi?act=4&amp;adv=51691313182771809
Ktm,N/A,2019,11999,www.mobile.bg/pcgi/mobile.cgi?act=4&amp;adv=51701928985242694
Ktm,450,2020,10200,www.mobile.bg/pcgi/mobile.cgi?act=4&amp;adv=51699206109207368
Ktm,250,2020,12300,www.mobile.bg/pcgi/mobile.cgi?act=4&amp;adv=51671701915709522
Ktm,N/A,2020,12600,www.mobile.bg/pcgi/mobile.cgi?act=4&amp;adv=51702207893989049
Ktm,N/A,2020,14900,www.mobile.bg/pcgi/mobile.cgi?act=4&amp;adv=51688974478140260
Ktm,N/A,2021,9000,www.mobile.bg/pcgi/mobile.cgi?act=4&amp;adv=51706888951927871
Ktm,250,2021,9200,www.mobile.bg/pcgi/mobile.cgi?act=4&amp;adv=51695931017288206
Ktm,250,2021,10700,www.mobile.bg/pcgi/mobile.cgi?act=4&amp;adv=51699373307992604
Ktm,450,2021,10800,www.mobile.bg/pcgi/mobile.cgi?act=4&amp;adv=51698297032618933
Ktm,N/A,2021,10999,www.mobile.bg/pcgi/mobile.cgi?act=4&amp;adv=51706376756979679
Ktm,250,2021,12500,www.mobile.bg/pcgi/mobile.cgi?act=4&amp;adv=51670061621744377
Ktm,N/A,2021,13800,www.mobile.bg/pcgi/mobile.cgi?act=4&amp;adv=51701178637066584
Ktm,450,2022,12000,www.mobile.bg/pcgi/mobile.cgi?act=4&amp;adv=51707051269779699
Ktm,N/A,2022,12500,www.mobile.bg/pcgi/mobile.cgi?act=4&amp;adv=51686640917449705
Ktm,450,2022,14500,www.mobile.bg/pcgi/mobile.cgi?act=4&amp;adv=51706026828128298
Ktm,250,2023,12300,www.mobile.bg/pcgi/mobile.cgi?act=4&amp;adv=51707573229333329
Sherco,320,2007,7000,www.mobile.bg/pcgi/mobile.cgi?act=4&amp;adv=51706500920191200
Suzuki,N/A,2006,4400,www.mobile.bg/pcgi/mobile.cgi?act=4&amp;adv=51697517916646779
Suzuki,450,2006,4700,www.mobile.bg/pcgi/mobile.cgi?act=4&amp;adv=51699469232116551
Suzuki,N/A,2006,4850,www.mobile.bg/pcgi/mobile.cgi?act=4&amp;adv=51706124037889889
Suzuki,N/A,2006,5500,www.mobile.bg/pcgi/mobile.cgi?act=4&amp;adv=51707601179772917
Suzuki,N/A,2007,4300,www.mobile.bg/pcgi/mobile.cgi?act=4&amp;adv=51705611617556873
Suzuki,250,2007,4700,www.mobile.bg/pcgi/mobile.cgi?act=4&amp;adv=51699905635270025
Suzuki,450,2007,4700,www.mobile.bg/pcgi/mobile.cgi?act=4&amp;adv=51707053364085502
Suzuki,450,2007,4999,www.mobile.bg/pcgi/mobile.cgi?act=4&amp;adv=51704903847354826
Suzuki,450,2007,6000,www.mobile.bg/pcgi/mobile.cgi?act=4&amp;adv=51707167264419363
Suzuki,400,2008,4750,www.mobile.bg/pcgi/mobile.cgi?act=4&amp;adv=51705956705679418
Suzuki,N/A,2008,5000,www.mobile.bg/pcgi/mobile.cgi?act=4&amp;adv=51700251544289483
Suzuki,N/A,2009,5000,www.mobile.bg/pcgi/mobile.cgi?act=4&amp;adv=51692463534932233
Suzuki,450,2011,6500,www.mobile.bg/pcgi/mobile.cgi?act=4&amp;adv=51706387264025766
Suzuki,250,2012,5400,www.mobile.bg/pcgi/mobile.cgi?act=4&amp;adv=51703434281074491
Suzuki,N/A,2012,6000,www.mobile.bg/pcgi/mobile.cgi?act=4&amp;adv=51687695890608857
Suzuki,N/A,2012,6200,www.mobile.bg/pcgi/mobile.cgi?act=4&amp;adv=51701384214839498
Suzuki,250,2012,6500,www.mobile.bg/pcgi/mobile.cgi?act=4&amp;adv=51707040657858805
Suzuki,450,2012,7000,www.mobile.bg/pcgi/mobile.cgi?act=4&amp;adv=51705152087646678
Suzuki,N/A,2012,7000,www.mobile.bg/pcgi/mobile.cgi?act=4&amp;adv=51686591854987797
Suzuki,450,2013,6500,www.mobile.bg/pcgi/mobile.cgi?act=4&amp;adv=51707149834917313
Suzuki,N/A,2014,5900,www.mobile.bg/pcgi/mobile.cgi?act=4&amp;adv=51706556179422951
Suzuki,450,2014,7400,www.mobile.bg/pcgi/mobile.cgi?act=4&amp;adv=51705694728670035
Suzuki,N/A,2014,9300,www.mobile.bg/pcgi/mobile.cgi?act=4&amp;adv=51707778967416650
Suzuki,250,2015,6000,www.mobile.bg/pcgi/mobile.cgi?act=4&amp;adv=51706180597805073
Suzuki,N/A,2015,6100,www.mobile.bg/pcgi/mobile.cgi?act=4&amp;adv=51706385640080164
Suzuki,N/A,2015,7000,www.mobile.bg/pcgi/mobile.cgi?act=4&amp;adv=51701849999802708
Suzuki,N/A,2016,5300,www.mobile.bg/pcgi/mobile.cgi?act=4&amp;adv=51707758541526272
Suzuki,N/A,2016,6999,www.mobile.bg/pcgi/mobile.cgi?act=4&amp;adv=51707121078470112
Suzuki,250,2017,6500,www.mobile.bg/pcgi/mobile.cgi?act=4&amp;adv=51698226258043141
Suzuki,N/A,2017,7000,www.mobile.bg/pcgi/mobile.cgi?act=4&amp;adv=51700396128210728
Suzuki,450,2018,7950,www.mobile.bg/pcgi/mobile.cgi?act=4&amp;adv=51706471928677809
Suzuki,N/A,2018,9000,www.mobile.bg/pcgi/mobile.cgi?act=4&amp;adv=51692557073012977
Suzuki,450,2018,9000,www.mobile.bg/pcgi/mobile.cgi?act=4&amp;adv=51706293815935186
Suzuki,450,2018,9600,www.mobile.bg/pcgi/mobile.cgi?act=4&amp;adv=51676472724493387
Suzuki,N/A,2020,8999,www.mobile.bg/pcgi/mobile.cgi?act=4&amp;adv=51659689034813221
Suzuki,450,2020,9100,www.mobile.bg/pcgi/mobile.cgi?act=4&amp;adv=51687028344564596
Suzuki,N/A,2021,9200,www.mobile.bg/pcgi/mobile.cgi?act=4&amp;adv=51705050369773329
Yamaha,250,2008,4300,www.mobile.bg/pcgi/mobile.cgi?act=4&amp;adv=51707486818626614
Yamaha,250,2008,4600,www.mobile.bg/pcgi/mobile.cgi?act=4&amp;adv=51707755799361559
Yamaha,N/A,2008,4999,www.mobile.bg/pcgi/mobile.cgi?act=4&amp;adv=51707144970353326
Yamaha,N/A,2008,6100,www.mobile.bg/pcgi/mobile.cgi?act=4&amp;adv=51707661231082918
Yamaha,450,2009,4500,www.mobile.bg/pcgi/mobile.cgi?act=4&amp;adv=51690805113857497
Yamaha,250,2009,4500,www.mobile.bg/pcgi/mobile.cgi?act=4&amp;adv=51706870496679478
Yamaha,N/A,2009,4700,www.mobile.bg/pcgi/mobile.cgi?act=4&amp;adv=51699133097290767
Yamaha,450,2009,6000,www.mobile.bg/pcgi/mobile.cgi?act=4&amp;adv=51704800589501246
Yamaha,450,2009,6500,www.mobile.bg/pcgi/mobile.cgi?act=4&amp;adv=51705849324753834
Yamaha,N/A,2010,6200,www.mobile.bg/pcgi/mobile.cgi?act=4&amp;adv=51681474136498974
Yamaha,250,2010,7300,www.mobile.bg/pcgi/mobile.cgi?act=4&amp;adv=51704722306851388
Yamaha,N/A,2011,6100,www.mobile.bg/pcgi/mobile.cgi?act=4&amp;adv=51699312584539350
Yamaha,450,2011,6200,www.mobile.bg/pcgi/mobile.cgi?act=4&amp;adv=51694872220388106
Yamaha,250,2011,6200,www.mobile.bg/pcgi/mobile.cgi?act=4&amp;adv=51706026190978766
Yamaha,N/A,2011,6300,www.mobile.bg/pcgi/mobile.cgi?act=4&amp;adv=51707686456198609
Yamaha,N/A,2012,5600,www.mobile.bg/pcgi/mobile.cgi?act=4&amp;adv=51701889899586239
Yamaha,N/A,2012,6000,www.mobile.bg/pcgi/mobile.cgi?act=4&amp;adv=51705351077940801
Yamaha,250,2012,7900,www.mobile.bg/pcgi/mobile.cgi?act=4&amp;adv=51523296516703158
Yamaha,N/A,2013,5600,www.mobile.bg/pcgi/mobile.cgi?act=4&amp;adv=51707039317852498
Yamaha,N/A,2013,6000,www.mobile.bg/pcgi/mobile.cgi?act=4&amp;adv=51700806273086037
Yamaha,450,2015,5999,www.mobile.bg/pcgi/mobile.cgi?act=4&amp;adv=51701096112989712
Yamaha,450,2015,7999,www.mobile.bg/pcgi/mobile.cgi?act=4&amp;adv=51706429784176098
Yamaha,450,2016,7200,www.mobile.bg/pcgi/mobile.cgi?act=4&amp;adv=51701030330691344
Yamaha,N/A,2016,7500,www.mobile.bg/pcgi/mobile.cgi?act=4&amp;adv=51704537841283172
Yamaha,250,2016,7600,www.mobile.bg/pcgi/mobile.cgi?act=4&amp;adv=51703014992764792
Yamaha,450,2017,6099,www.mobile.bg/pcgi/mobile.cgi?act=4&amp;adv=51699289340529820
Yamaha,450,2017,7000,www.mobile.bg/pcgi/mobile.cgi?act=4&amp;adv=51696752478283240
Yamaha,250,2017,7200,www.mobile.bg/pcgi/mobile.cgi?act=4&amp;adv=51696934133189196
Yamaha,450,2017,7200,www.mobile.bg/pcgi/mobile.cgi?act=4&amp;adv=51703801266947350
Yamaha,N/A,2017,7500,www.mobile.bg/pcgi/mobile.cgi?act=4&amp;adv=51707067235240897
Yamaha,450,2017,7800,www.mobile.bg/pcgi/mobile.cgi?act=4&amp;adv=51706610642623203
Yamaha,N/A,2017,7900,www.mobile.bg/pcgi/mobile.cgi?act=4&amp;adv=51706967443777351
Yamaha,450,2017,7960,www.mobile.bg/pcgi/mobile.cgi?act=4&amp;adv=51707377099231785
Yamaha,450,2017,8390,www.mobile.bg/pcgi/mobile.cgi?act=4&amp;adv=51691646857515967
Yamaha,450,2017,8450,www.mobile.bg/pcgi/mobile.cgi?act=4&amp;adv=51664638876953289
Yamaha,450,2017,9500,www.mobile.bg/pcgi/mobile.cgi?act=4&amp;adv=51706993417369331
Yamaha,250,2017,9600,www.mobile.bg/pcgi/mobile.cgi?act=4&amp;adv=51659478045508240
Yamaha,450,2017,9999,www.mobile.bg/pcgi/mobile.cgi?act=4&amp;adv=51705269365131558
Yamaha,N/A,2017,10500,www.mobile.bg/pcgi/mobile.cgi?act=4&amp;adv=51705499439093498
Yamaha,N/A,2018,8700,www.mobile.bg/pcgi/mobile.cgi?act=4&amp;adv=51705323812988218
Yamaha,N/A,2018,8900,www.mobile.bg/pcgi/mobile.cgi?act=4&amp;adv=51706107861256900
Yamaha,250,2018,9500,www.mobile.bg/pcgi/mobile.cgi?act=4&amp;adv=51699364100083588
Yamaha,N/A,2018,17500,www.mobile.bg/pcgi/mobile.cgi?act=4&amp;adv=51702145085351854
Yamaha,250,2019,8300,www.mobile.bg/pcgi/mobile.cgi?act=4&amp;adv=51689020807791856
Yamaha,201,2019,8999,www.mobile.bg/pcgi/mobile.cgi?act=4&amp;adv=51679743242303710
Yamaha,450,2019,9200,www.mobile.bg/pcgi/mobile.cgi?act=4&amp;adv=51703438113978543
Yamaha,250,2019,9200,www.mobile.bg/pcgi/mobile.cgi?act=4&amp;adv=51706180628676070
Yamaha,N/A,2019,9600,www.mobile.bg/pcgi/mobile.cgi?act=4&amp;adv=51707160289638281
Yamaha,450,2019,10500,www.mobile.bg/pcgi/mobile.cgi?act=4&amp;adv=51702576476659478
Yamaha,N/A,2019,10750,www.mobile.bg/pcgi/mobile.cgi?act=4&amp;adv=51700415311755396
Yamaha,N/A,2019,11000,www.mobile.bg/pcgi/mobile.cgi?act=4&amp;adv=51697104890244265
Yamaha,N/A,2019,12500,www.mobile.bg/pcgi/mobile.cgi?act=4&amp;adv=51705581408467694
Yamaha,250,2020,8500,www.mobile.bg/pcgi/mobile.cgi?act=4&amp;adv=51688919141664500
Yamaha,450,2020,10000,www.mobile.bg/pcgi/mobile.cgi?act=4&amp;adv=51679613458731187
Yamaha,N/A,2020,10000,www.mobile.bg/pcgi/mobile.cgi?act=4&amp;adv=51705240330053402
Yamaha,450,2020,10500,www.mobile.bg/pcgi/mobile.cgi?act=4&amp;adv=51675637836573170
Yamaha,450,2020,11800,www.mobile.bg/pcgi/mobile.cgi?act=4&amp;adv=51707743196595126
Yamaha,125,2021,3800,www.mobile.bg/pcgi/mobile.cgi?act=4&amp;adv=51701507771860067
Yamaha,N/A,2021,10700,www.mobile.bg/pcgi/mobile.cgi?act=4&amp;adv=51700851335966883
Yamaha,250,2021,12000,www.mobile.bg/pcgi/mobile.cgi?act=4&amp;adv=51706046120611424
Yamaha,450,2022,12200,www.mobile.bg/pcgi/mobile.cgi?act=4&amp;adv=51687774162304318
Yamaha,450,2022,13500,www.mobile.bg/pcgi/mobile.cgi?act=4&amp;adv=51705679913722170
Yamaha,N/A,2022,14400,www.mobile.bg/pcgi/mobile.cgi?act=4&amp;adv=51700035781330729
